id;email;password;person_id;role_id
73f9defd-0c6a-437d-9815-bf3105f13436;admin@test.com;243261243130245a715459647a4f695936785a524943336b6f305a354f6c654a5353634f746c635659552e555a574e65376e47466e4750673932636d;356cf8b9-38e6-48e0-a842-ab5cb343b69d;e4f29304-62f7-4eb2-af4b-1156d6648196
9be0996c-0919-47e8-8472-6bb3dda4385b;test@test.com;243261243130245a715459647a4f695936785a524943336b6f305a354f6c654a5353634f746c635659552e555a574e65376e47466e4750673932636d;516f15bb-17ff-4a61-9d3c-e86d89b95217;fcf5df6c-340c-4e91-a20a-bc96160881a7
dc1748d6-3464-4513-84b0-5272e0b8bc7e;jose@gmail.com;243261243130245a715459647a4f695936785a524943336b6f305a354f6c654a5353634f746c635659552e555a574e65376e47466e4750673932636d;01aec6db-4be8-43ed-8929-a0f8f27884cd;dc740240-e055-442c-b1eb-ac41e8dc7a3e
d27d0dc9-9a40-4cb0-bafa-c3d4d820eba6;lucia@gmail.com;243261243130245a715459647a4f695936785a524943336b6f305a354f6c654a5353634f746c635659552e555a574e65376e47466e4750673932636d;acc978cc-613f-4f29-ba82-0b1ceec320bd;dc740240-e055-442c-b1eb-ac41e8dc7a3e
fa5af855-fe3e-4d90-9c1c-aecd8d2c3d5d;ana@gmail.com;243261243130245a715459647a4f695936785a524943336b6f305a354f6c654a5353634f746c635659552e555a574e65376e47466e4750673932636d;02e62826-bf41-4944-adb2-051b6a30a131;3169e51e-9396-47eb-b4a5-47bdae043a30
bfce96e1-0f87-4807-b45e-4ae7476636b1;carlos@gmail.com;243261243130245a715459647a4f695936785a524943336b6f305a354f6c654a5353634f746c635659552e555a574e65376e47466e4750673932636d;11130b4c-a00e-48cd-aa23-7914e39a5955;3169e51e-9396-47eb-b4a5-47bdae043a30
00e27238-6ed5-429c-a3c3-de1889c66fd1;mariana@gmail.com;243261243130245a715459647a4f695936785a524943336b6f305a354f6c654a5353634f746c635659552e555a574e65376e47466e4750673932636d;7e7cc9cb-e4a4-4404-aa99-6793780443f3;3169e51e-9396-47eb-b4a5-47bdae043a30
89ba63cf-1b1a-4331-8323-56f9a5808fc4;jo√£o@gmail.com;243261243130245a715459647a4f695936785a524943336b6f305a354f6c654a5353634f746c635659552e555a574e65376e47466e4750673932636d;1a7b07c1-f839-4caa-ba08-482792d75e25;3169e51e-9396-47eb-b4a5-47bdae043a30
f82f558d-d4ff-4dde-a4cc-e9977412809b;larissa@gmail.com;243261243130245a715459647a4f695936785a524943336b6f305a354f6c654a5353634f746c635659552e555a574e65376e47466e4750673932636d;170fbda4-78a8-4c2e-bd0d-0c682610b4b8;3169e51e-9396-47eb-b4a5-47bdae043a30
a0bb5024-1d39-4a9d-8e8d-1c11b4577e79;guilherme@gmail.com;243261243130245a715459647a4f695936785a524943336b6f305a354f6c654a5353634f746c635659552e555a574e65376e47466e4750673932636d;74c7beea-e835-4ea0-8d89-bc40d96e9aad;3169e51e-9396-47eb-b4a5-47bdae043a30
baf69ec7-ad98-4ad7-811d-e4563dbaa20d;beatriz@gmail.com;243261243130245a715459647a4f695936785a524943336b6f305a354f6c654a5353634f746c635659552e555a574e65376e47466e4750673932636d;886125d1-4a29-40ac-a0ea-a2370e820ed8;3169e51e-9396-47eb-b4a5-47bdae043a30
8584f15d-e64a-4c1e-a65f-befe97672c77;rafael@gmail.com;243261243130245a715459647a4f695936785a524943336b6f305a354f6c654a5353634f746c635659552e555a574e65376e47466e4750673932636d;fbaedc83-938a-44dc-8a82-c78682905784;3169e51e-9396-47eb-b4a5-47bdae043a30
77ec18aa-f394-4ec5-911d-cd8ceaf60377;isabela@gmail.com;243261243130245a715459647a4f695936785a524943336b6f305a354f6c654a5353634f746c635659552e555a574e65376e47466e4750673932636d;02f3b455-2fbc-4bd1-9efc-848ecbd67fcf;3169e51e-9396-47eb-b4a5-47bdae043a30
b816b7c4-50df-49b2-bf98-daac26683afd;victor@gmail.com;243261243130245a715459647a4f695936785a524943336b6f305a354f6c654a5353634f746c635659552e555a574e65376e47466e4750673932636d;3787f99a-66bd-4be3-93ff-78faaa8b54e1;3169e51e-9396-47eb-b4a5-47bdae043a30
